Date,Open,High,Low,Close,Volume,,,,,
2020-01-02,5.97,6,5.92,6,5941969,,,,,
2020-01-03,5.88,5.95,5.85,5.9,5144308,,,,,
2020-01-06,5.81,5.93,5.78,5.93,6572812,,,,,
2020-01-07,5.96,6.04,5.91,6,7980144,,,,,
2020-01-08,5.99,6.05,5.95,6.01,6931017,,,,,
2020-01-09,6.1,6.15,6.02,6.08,6386053,,,,,
2020-01-10,6.18,6.21,6.09,6.11,7911560,,,,,
2020-01-13,6.19,6.32,6.17,6.3,8008451,,,,,
2020-01-14,6.26,6.28,6.17,6.18,8989483,,,,,
2020-01-15,6.19,6.22,6.11,6.14,6577636,,,,,
2020-01-16,6.19,6.23,6.17,6.22,7104791,,,,,
2020-01-17,6.24,6.25,6.18,6.23,6344764,,,,,
2020-01-21,6.2,6.23,6.16,6.2,5447925,,,,,
2020-01-22,6.24,6.34,6.23,6.25,5980967,,,,,
2020-01-23,6.29,6.33,6.2,6.32,6112861,,,,,
2020-01-24,6.44,6.49,6.21,6.26,9337839,,,,,
2020-01-27,5.96,6.06,5.81,6.01,11763354,,,,,
2020-01-28,6.07,6.23,6.02,6.2,7774401,,,,,
2020-01-29,6.18,6.22,6.1,6.14,6486279,,,,,
2020-01-30,6.04,6.16,5.99,6.15,7262590,,,,,
2020-01-31,6.1,6.11,5.87,5.91,9260493,,,,,
2020-02-03,5.89,6.03,5.89,6.01,6398205,,,,,
2020-02-04,6.15,6.2,6.1,6.18,6788589,,,,,
2020-02-05,6.3,6.31,6.19,6.27,5205502,,,,,
2020-02-06,6.3,6.36,6.22,6.36,5457051,,,,,
2020-02-07,6.32,6.34,6.26,6.29,4743803,,,,,
2020-02-10,6.31,6.58,6.31,6.57,13240194,,,,,
2020-02-11,6.68,6.81,6.62,6.7,15963922,,,,,
2020-02-12,6.75,6.82,6.71,6.81,9366118,,,,,
2020-02-13,6.76,6.84,6.73,6.77,13200384,,,,,
2020-02-14,7.18,7.37,7.15,7.24,26048093,,,,,
2020-02-18,7.14,7.43,7.12,7.41,15547025,,,,,
2020-02-19,7.54,7.89,7.54,7.87,17358281,,,,,
2020-02-20,7.82,7.91,7.41,7.72,20251259,,,,,
2020-02-21,7.6,7.63,7.27,7.35,19232331,,,,,
2020-02-24,6.75,7.05,6.7,6.83,21422873,,,,,
2020-02-25,6.91,6.97,6.45,6.55,26387442,,,,,
2020-02-26,6.55,6.89,6.55,6.69,18741536,,,,,
2020-02-27,6.37,6.68,6.22,6.32,22660373,,,,,
2020-02-28,6.06,6.81,6.04,6.75,28366882,,,,,
2020-03-02,6.92,6.94,6.53,6.91,22268639,,,,,
2020-03-03,6.97,7.03,6.56,6.65,16319828,,,,,
2020-03-04,6.76,7.12,6.68,7.11,14935184,,,,,
2020-03-05,6.91,7.08,6.79,6.83,13508187,,,,,
2020-03-06,6.65,6.71,6.45,6.65,12885307,,,,,
2020-03-09,6,6.49,5.95,6.14,15353960,,,,,
2020-03-10,6.41,6.53,6.15,6.53,14516218,,,,,
2020-03-11,6.39,6.42,6.06,6.16,12551693,,,,,
2020-03-12,5.64,5.9,5.4,5.41,20413535,,,,,
2020-03-13,5.76,6.03,5.49,6.02,15870943,,,,,
2020-03-16,5.31,5.65,4.85,4.91,18174303,,,,,
2020-03-17,5.02,5.52,4.78,5.43,20840799,,,,,
2020-03-18,5,5.25,4.52,5.07,21856657,,,,,
2020-03-19,5.05,5.42,4.83,5.32,19137847,,,,,
2020-03-20,5.48,5.76,5.13,5.14,20115854,,,,,
2020-03-23,5.14,5.41,4.96,5.32,16096866,,,,,
2020-03-24,5.73,6.32,5.7,6.23,27541095,,,,,
2020-03-25,6.35,6.55,6.09,6.14,19835767,,,,,
2020-03-26,6.35,6.56,6.25,6.43,17439692,,,,,
2020-03-27,6.25,6.58,6.22,6.32,15970744,,,,,
2020-03-30,6.38,6.65,6.34,6.64,15056253,,,,,
2020-03-31,6.68,6.88,6.44,6.59,23749014,,,,,
2020-04-01,6.39,6.54,6.03,6.08,16422828,,,,,
2020-04-02,6.11,6.4,6.06,6.39,16894113,,,,,
2020-04-03,6.35,6.39,5.96,6.1,16580346,,,,,
2020-04-06,6.38,6.75,6.32,6.71,18197062,,,,,
2020-04-07,6.93,6.96,6.43,6.48,19613047,,,,,
2020-04-08,6.59,6.7,6.52,6.67,13561113,,,,,
2020-04-09,6.8,6.82,6.51,6.57,13156195,,,,,
2020-04-13,6.51,6.76,6.43,6.75,9960182,,,,,
2020-04-14,6.88,7.13,6.85,7.1,13273667,,,,,
2020-04-15,6.93,7.1,6.88,7.02,9153721,,,,,
2020-04-16,7.18,7.48,7.16,7.37,18640510,,,,,
2020-04-17,7.45,7.47,7.17,7.31,13478049,,,,,
2020-04-20,7.18,7.34,7.13,7.18,11234705,,,,,
2020-04-21,7.06,7.12,6.68,6.74,18378996,,,,,
2020-04-22,6.93,7.2,6.89,7.15,12118228,,,,,
2020-04-23,7.2,7.33,7.08,7.1,10603988,,,,,
2020-04-24,7.09,7.24,7.02,7.24,8816137,,,,,
2020-04-27,7.37,7.59,7.35,7.43,11984699,,,,,
2020-04-28,7.58,7.61,7.28,7.28,11072603,,,,,
2020-04-29,7.42,7.51,7.34,7.46,9479047,,,,,
2020-04-30,7.41,7.46,7.29,7.31,9397943,,,,,
2020-05-01,7.11,7.22,7.02,7.07,8552445,,,,,
2020-05-04,7.02,7.3,7.02,7.28,7938880,,,,,
2020-05-05,7.39,7.51,7.28,7.34,9222391,,,,,
2020-05-06,7.42,7.55,7.39,7.44,8086639,,,,,
2020-05-07,7.58,7.69,7.53,7.62,9343263,,,,,
2020-05-08,7.69,7.82,7.66,7.81,8497678,,,,,
2020-05-11,7.81,8.11,7.78,8.07,11726504,,,,,
2020-05-12,8.12,8.17,7.79,7.8,12326482,,,,,
2020-05-13,7.92,8.08,7.59,7.78,15646252,,,,,
2020-05-14,7.84,8.04,7.69,8.03,15057809,,,,,
2020-05-15,7.89,8.5,7.87,8.49,24691543,,,,,
2020-05-18,8.76,8.92,8.68,8.75,19410086,,,,,
2020-05-19,8.79,9.09,8.76,8.81,17933049,,,,,
2020-05-20,8.99,9.04,8.89,8.97,14688405,,,,,
2020-05-21,9.05,9.05,8.74,8.78,19026741,,,,,
2020-05-22,8.83,9.09,8.71,9.03,25969125,,,,,
2020-05-26,9.16,9.18,8.67,8.72,19269476,,,,,
2020-05-27,8.63,8.63,8,8.53,29397306,,,,,
2020-05-28,8.41,8.76,8.38,8.49,18403204,,,,,
2020-05-29,8.55,8.88,8.49,8.88,18647994,,,,,
2020-06-01,8.83,8.84,8.69,8.81,9762775,,,,,
2020-06-02,8.8,8.84,8.66,8.83,9783014,,,,,
2020-06-03,8.82,8.87,8.7,8.77,9135972,,,,,
2020-06-04,8.73,8.94,8.68,8.77,10606960,,,,,
2020-06-05,8.79,9,8.71,8.92,12043651,,,,,
2020-06-08,8.88,8.89,8.69,8.81,9693431,,,,,
2020-06-09,8.8,9.11,8.75,9.05,11712221,,,,,
2020-06-10,9.17,9.5,9.15,9.37,15804537,,,,,
2020-06-11,9.15,9.26,8.79,8.8,14591256,,,,,
2020-06-12,9.16,9.19,8.7,8.93,14272704,,,,,
2020-06-15,8.82,9.18,8.74,9.17,10000054,,,,,
2020-06-16,9.23,9.27,8.84,9.07,13392875,,,,,
2020-06-17,9.11,9.3,9.07,9.24,10207641,,,,,
2020-06-18,9.23,9.28,9.11,9.22,6360238,,,,,
2020-06-19,9.24,9.45,9.23,9.26,13104013,,,,,
2020-06-22,9.3,9.53,9.27,9.53,9961662,,,,,
2020-06-23,9.55,9.64,9.41,9.45,9377685,,,,,
2020-06-24,9.48,9.56,9.14,9.24,11234272,,,,,
2020-06-25,9.36,9.51,9.18,9.49,9401800,,,,,
2020-06-26,9.5,9.5,9.13,9.15,14802144,,,,,
2020-06-29,9.17,9.2,8.9,9.2,8556203,,,,,
2020-06-30,9.31,9.53,9.27,9.5,9197300,,,,,
2020-07-01,9.52,9.58,9.41,9.53,8166170,,,,,
2020-07-02,9.64,9.74,9.58,9.61,9101352,,,,,
2020-07-06,9.74,9.91,9.71,9.84,7897343,,,,,
2020-07-07,9.95,10.07,9.85,9.87,8944993,,,,,
2020-07-08,9.99,10.23,9.97,10.22,9137013,,,,,
2020-07-09,10.38,10.57,10.23,10.51,12363680,,,,,
2020-07-10,10.59,10.66,10.38,10.48,12441869,,,,,
2020-07-13,10.6,10.79,10.03,10.05,11426874,,,,,
2020-07-14,10.07,10.4,9.79,10.38,13566855,,,,,
2020-07-15,10.41,10.43,10.06,10.23,10099623,,,,,
2020-07-16,10.02,10.21,9.9,10.13,8624118,,,,,
2020-07-17,10.23,10.25,10.09,10.2,6657116,,,,,
2020-07-20,10.27,10.53,10.16,10.51,7121271,,,,,
2020-07-21,10.51,10.56,10.29,10.33,6941671,,,,,
2020-07-22,10.37,10.6,10.29,10.44,9182271,,,,,
2020-07-23,10.45,10.55,10.03,10.13,10291532,,,,,
2020-07-24,9.88,10.36,9.78,10.19,11832300,,,,,
2020-07-27,10.23,10.44,10.22,10.42,7303255,,,,,
2020-07-28,10.37,10.38,10.21,10.22,6790901,,,,,
2020-07-29,10.39,10.52,10.35,10.47,7112692,,,,,
2020-07-30,10.38,10.62,10.3,10.61,7722004,,,,,
2020-07-31,10.56,10.77,10.43,10.61,9657150,,,,,
2020-08-03,10.73,11.1,10.72,11.01,10325456,,,,,
2020-08-04,11.05,11.23,10.91,11.23,7758390,,,,,
2020-08-05,11.24,11.37,11.17,11.29,6262493,,,,,
2020-08-06,11.35,11.36,11.18,11.34,6107892,,,,,
2020-08-07,11.31,11.5,11.04,11.2,8562899,,,,,
2020-08-10,11.33,11.41,10.86,11.17,10694898,,,,,
2020-08-11,11.07,11.14,10.8,10.85,8862763,,,,,
2020-08-12,10.99,11.47,10.96,11.44,11623573,,,,,
2020-08-13,11.55,11.72,11.36,11.44,9361489,,,,,
2020-08-14,11.53,11.7,11.44,11.56,9160904,,,,,
2020-08-17,11.85,12.41,11.82,12.34,15532523,,,,,
2020-08-18,12.45,12.5,12.09,12.26,12586155,,,,,
2020-08-19,12.3,12.32,12.1,12.14,15565558,,,,,
2020-08-20,11.98,12.38,11.88,12.14,23034656,,,,,
2020-08-21,12.2,12.81,12.2,12.68,24996738,,,,,
2020-08-24,12.88,12.91,12.51,12.72,12264105,,,,,
2020-08-25,12.63,12.76,12.57,12.75,7226920,,,,,
2020-08-26,12.8,12.87,12.68,12.77,8031073,,,,,
2020-08-27,12.78,12.85,12.57,12.63,7940073,,,,,
2020-08-28,12.67,13.15,12.64,13.15,13428963,,,,,
2020-08-31,13.18,13.58,13.04,13.37,12521030,,,,,
2020-09-01,13.48,13.99,13.44,13.82,12811849,,,,,
2020-09-02,14.7,14.73,13.9,14.35,21850322,,,,,
2020-09-03,13.83,13.88,12.88,13.02,23628151,,,,,
2020-09-04,12.78,13.18,11.7,12.62,36592071,,,,,
2020-09-08,11.73,12.55,11.7,11.91,19893237,,,,,
2020-09-09,12.4,12.81,12.23,12.72,18404957,,,,,
2020-09-10,12.99,13.07,12.17,12.31,17467111,,,,,
2020-09-11,12.49,12.65,11.9,12.16,15923172,,,,,
2020-09-14,13.08,13.32,12.63,12.87,30043624,,,,,
2020-09-15,13.28,13.3,12.83,12.99,18188914,,,,,
2020-09-16,12.96,13.09,12.51,12.51,13939985,,,,,
2020-09-17,12.13,12.59,12.03,12.46,19812794,,,,,
2020-09-18,12.59,12.63,11.99,12.19,17461548,,,,,
2020-09-21,11.93,12.52,11.9,12.52,18026061,,,,,
2020-09-22,12.58,12.65,12.16,12.64,16161302,,,,,
2020-09-23,12.58,12.73,12.08,12.12,16175308,,,,,
2020-09-24,12.07,12.57,12.01,12.35,18281008,,,,,
2020-09-25,12.45,12.88,12.25,12.87,14700407,,,,,
2020-09-28,13.04,13.05,12.75,13.04,14345228,,,,,
2020-09-29,12.94,13.44,12.93,13.23,15575124,,,,,
2020-09-30,13.16,13.62,13.15,13.53,17229603,,,,,
2020-10-01,13.76,13.76,13.46,13.61,13125059,,,,,
2020-10-02,13.23,13.52,13.05,13.06,13812397,,,,,
2020-10-05,13.24,13.64,13.22,13.64,11995457,,,,,
2020-10-06,13.83,14.14,13.67,13.74,19610496,,,,,
2020-10-07,14,14.12,13.86,13.96,10452129,,,,,
2020-10-08,14.08,14.08,13.76,13.84,9472522,,,,,
2020-10-09,13.77,13.82,13.66,13.76,8672273,,,,,
2020-10-12,13.99,14.35,13.91,14.23,10868595,,,,,
2020-10-13,14.3,14.35,14.02,14.25,8615078,,,,,
2020-10-14,14.29,14.34,13.96,14.1,6916178,,,,,
2020-10-15,13.81,14.01,13.77,13.97,6680628,,,,,
2020-10-16,14.04,14.12,13.79,13.81,6065990,,,,,
2020-10-19,13.9,13.98,13.41,13.5,7451714,,,,,
2020-10-20,13.58,13.8,13.51,13.65,5730301,,,,,
2020-10-21,13.63,13.79,13.48,13.52,5489933,,,,,
2020-10-22,13.52,13.61,13.23,13.36,7261986,,,,,
2020-10-23,13.45,13.59,13.29,13.59,5837107,,,,,
2020-10-26,13.43,13.69,13.04,13.14,8422358,,,,,
2020-10-27,13.31,13.44,13.19,13.4,6262992,,,,,
2020-10-28,13.2,13.26,12.61,12.63,9412952,,,,,
2020-10-29,12.84,13.19,12.75,13.02,8002046,,,,,
2020-10-30,12.85,12.94,12.3,12.53,10434900,,,,,
2020-11-02,12.66,12.84,12.4,12.58,7491316,,,,,
2020-11-03,12.71,13.11,12.6,13.02,6822527,,,,,
2020-11-04,13.39,13.83,13.34,13.79,10255732,,,,,
2020-11-05,14.16,14.34,13.99,14.16,7975708,,,,,
2020-11-06,14.11,14.59,13.9,14.56,9583732,,,,,
2020-11-09,14.55,14.69,13.61,13.63,14574447,,,,,
2020-11-10,13.61,13.61,12.63,12.77,16101680,,,,,
2020-11-11,13.05,13.43,12.95,13.42,10118586,,,,,
2020-11-12,13.48,13.77,13.32,13.46,9165875,,,,,
2020-11-13,13.63,13.67,13.06,13.3,8669058,,,,,
2020-11-16,13.17,13.65,13.16,13.52,10344370,,,,,
2020-11-17,13.55,13.6,13.3,13.42,7800699,,,,,
2020-11-18,13.47,13.61,13.19,13.43,12773133,,,,,
2020-11-19,13.21,13.49,13.1,13.44,14148355,,,,,
2020-11-20,13.45,13.49,13.07,13.09,8527245,,,,,
2020-11-23,13.17,13.38,13.02,13.14,9033855,,,,,
2020-11-24,13.14,13.16,12.89,12.96,8662499,,,,,
2020-11-25,13.03,13.27,13.02,13.23,6497910,,,,,
2020-11-27,13.38,13.41,13.17,13.26,4181880,,,,,
2020-11-30,13.27,13.41,12.97,13.4,7173800,,,,,
2020-12-01,13.49,13.53,13.23,13.39,7439282,,,,,
2020-12-02,13.35,13.67,13.23,13.54,7084030,,,,,
2020-12-03,13.59,13.66,13.33,13.4,4988016,,,,,
2020-12-04,13.45,13.56,13.39,13.56,5056085,,,,,
2020-12-07,13.6,13.73,13.5,13.61,5581081,,,,,
2020-12-08,13.59,13.6,13.28,13.35,6798022,,,,,
2020-12-09,13.3,13.41,12.87,12.93,10032530,,,,,
2020-12-10,12.87,13.07,12.85,12.97,5194118,,,,,
2020-12-11,12.97,13.02,12.82,13.01,5231641,,,,,
2020-12-14,13.09,13.39,13.08,13.31,6753947,,,,,
2020-12-15,13.44,13.46,13.19,13.36,4837148,,,,,
2020-12-16,13.42,13.44,13.21,13.24,5577867,,,,,
2020-12-17,13.37,13.38,13.18,13.34,5784597,,,,,
2020-12-18,13.38,13.41,13.07,13.27,8551616,,,,,
2020-12-21,13.07,13.37,12.97,13.33,7558304,,,,,
2020-12-22,13.32,13.34,13.05,13.28,4657872,,,,,
2020-12-23,13.26,13.28,13.01,13.01,4478569,,,,,
2020-12-24,13.04,13.13,12.94,12.99,2447088,,,,,
2020-12-28,13.06,13.06,12.76,12.9,5314141,,,,,
2020-12-29,12.93,13.07,12.84,12.94,4259304,,,,,
2020-12-30,12.99,13.21,12.9,13.15,5634929,,,,,
2020-12-31,13.14,13.15,12.92,13.06,4810610,,,,,
2021-01-04,13.1,13.65,12.96,13.11,14016045,,,,,
2021-01-05,13.1,13.44,13.09,13.4,8068998,,,,,
2021-01-06,13.22,13.25,12.59,12.61,14510575,,,,,
2021-01-07,12.97,13.38,12.89,13.34,11537037,,,,,
2021-01-08,13.36,13.42,13.04,13.28,7313215,,,,,
2021-01-11,13.42,13.96,13.36,13.62,12975720,,,,,
2021-01-12,13.75,13.75,13.35,13.48,7286943,,,,,
2021-01-13,13.49,13.62,13.39,13.53,5250711,,,,,
2021-01-14,13.58,13.6,13.18,13.2,7078007,,,,,
2021-01-15,13.23,13.33,12.85,12.86,6944532,,,,,
2021-01-19,13.02,13.09,12.84,13.03,5654672,,,,,
2021-01-20,13.11,13.43,13.06,13.37,6464272,,,,,
2021-01-21,13.42,14,13.25,13.87,8458490,,,,,
2021-01-22,13.74,13.84,13.63,13.71,6170464,,,,,
2021-01-25,13.78,13.83,13.24,13.65,6277779,,,,,
2021-01-26,13.58,13.64,13.39,13.44,4099510,,,,,
2021-01-27,13.23,13.23,12.79,12.92,9281821,,,,,
2021-01-28,13,13.34,12.96,13.05,5707899,,,,,
2021-01-29,13.08,13.33,12.91,12.99,6788801,,,,,
2021-02-01,13.05,13.27,12.9,13.24,5430108,,,,,
2021-02-02,13.4,13.57,13.29,13.56,5510957,,,,,
2021-02-03,13.64,13.93,13.52,13.53,6135232,,,,,
2021-02-04,13.53,13.67,13.34,13.66,5033462,,,,,
2021-02-05,13.73,13.74,13.55,13.59,4228841,,,,,
2021-02-08,13.73,14.47,13.73,14.44,10865571,,,,,
2021-02-09,14.34,14.58,14.22,14.26,7189003,,,,,
2021-02-10,14.46,14.91,14.34,14.76,12133808,,,,,
2021-02-11,14.98,15.27,14.93,15.25,11270693,,,,,
2021-02-12,15.05,15.29,14.78,14.96,9368937,,,,,
2021-02-16,15.06,15.37,14.95,15.33,8048988,,,,,
2021-02-17,15.17,15.22,14.78,14.91,6892467,,,,,
2021-02-18,14.73,14.87,14.58,14.83,5852020,,,,,
2021-02-19,15.02,15.18,14.85,14.93,6793103,,,,,
2021-02-22,14.77,15.13,14.33,14.36,8147139,,,,,
2021-02-23,14.08,14.24,13.39,14.14,9794483,,,,,
2021-02-24,14.12,14.51,13.76,14.5,11207977,,,,,
2021-02-25,14.05,14.37,13.22,13.31,20610901,,,,,
2021-02-26,13.75,13.85,13.36,13.71,12523260,,,,,
2021-03-01,13.88,13.93,13.55,13.84,8829575,,,,,
2021-03-02,13.9,13.92,13.4,13.41,6602853,,,,,
2021-03-03,13.43,13.45,12.8,12.8,9439757,,,,,
2021-03-04,12.8,12.98,12.08,12.37,14333629,,,,,
2021-03-05,12.55,12.55,11.68,12.46,13570971,,,,,
2021-03-08,12.45,12.47,11.57,11.59,13577792,,,,,
2021-03-09,12.13,12.62,12.06,12.52,13045638,,,,,
2021-03-10,12.84,12.98,12.46,12.47,9609414,,,,,
2021-03-11,12.95,13.05,12.73,12.99,7497857,,,,,
2021-03-12,12.65,12.89,12.59,12.86,6099099,,,,,
2021-03-15,12.86,13.21,12.77,13.19,5563011,,,,,
2021-03-16,13.36,13.51,13.12,13.29,6803240,,,,,
2021-03-17,13.04,13.45,12.99,13.34,6096605,,,,,
2021-03-18,13.14,13.18,12.72,12.72,7354702,,,,,
2021-03-19,12.75,12.92,12.61,12.85,7480174,,,,,
2021-03-22,12.91,13.39,12.91,13.19,7445077,,,,,
2021-03-23,13.25,13.34,13.02,13.07,5551152,,,,,
2021-03-24,13.15,13.16,12.64,12.64,6145963,,,,,
2021-03-25,12.5,12.71,12.27,12.54,7378614,,,,,
2021-03-26,12.55,12.86,12.37,12.84,9099224,,,,,
2021-03-29,12.82,13.06,12.7,12.95,6837997,,,,,
2021-03-30,12.84,12.98,12.71,12.87,5005062,,,,,
2021-03-31,13.02,13.47,12.98,13.35,7869438,,,,,
2021-04-01,13.57,13.87,13.51,13.81,7706865,,,,,
2021-04-05,13.87,14.01,13.73,13.99,6391785,,,,,
2021-04-06,14,14.05,13.77,13.86,4793649,,,,,
2021-04-07,13.88,14.24,13.71,14.14,6282109,,,,,
2021-04-08,14.25,14.47,14.25,14.32,6110373,,,,,
2021-04-09,14.21,14.41,14.18,14.4,4879272,,,,,
2021-04-12,14.29,15.35,14.14,15.21,21733050,,,,,
2021-04-13,15.23,15.7,15.13,15.68,16905297,,,,,
2021-04-14,15.63,15.72,15.23,15.28,9637548,,,,,
2021-04-15,15.66,16.21,15.63,16.14,14962017,,,,,
2021-04-16,16.05,16.17,15.87,15.91,8380189,,,,,
2021-04-19,15.54,15.81,15.23,15.36,10110452,,,,,
2021-04-20,15.32,15.5,14.96,15.17,8353326,,,,,
2021-04-21,15.12,15.36,15.1,15.36,5419426,,,,,
2021-04-22,15.38,15.44,14.78,14.85,6944657,,,,,
2021-04-23,14.93,15.33,14.9,15.27,5694305,,,,,
2021-04-26,15.19,15.48,15.13,15.48,4944927,,,,,
2021-04-27,15.58,15.67,15.35,15.38,4114325,,,,,
2021-04-28,15.36,15.53,15.22,15.28,5235405,,,,,
2021-04-29,15.4,15.44,15.07,15.32,4329912,,,,,
2021-04-30,15.17,15.36,15,15.01,5047752,,,,,
2021-05-03,15.13,15.25,14.79,14.84,5097796,,,,,
2021-05-04,14.64,14.64,14.01,14.35,10133120,,,,,
2021-05-05,14.71,14.81,14.39,14.46,7300576,,,,,
2021-05-06,14.5,14.57,14.22,14.52,4834523,,,,,
2021-05-07,14.81,14.97,14.67,14.81,5733183,,,,,
2021-05-10,14.79,14.81,14.25,14.27,6722595,,,,,
2021-05-11,13.83,14.35,13.75,14.31,7139634,,,,,
2021-05-12,14.01,14.26,13.71,13.76,7585233,,,,,
2021-05-13,14.03,14.08,13.46,13.67,7143187,,,,,
2021-05-14,13.89,14.33,13.75,14.24,6465375,,,,,
2021-05-17,14.16,14.17,13.85,14.17,5424521,,,,,
2021-05-18,14.27,14.4,14,14.02,4656356,,,,,
2021-05-19,13.57,14.08,13.54,14.07,8599984,,,,,
2021-05-20,14.3,14.68,14.27,14.61,8039798,,,,,
2021-05-21,15.16,15.22,14.87,14.99,16824800,,,,,
2021-05-24,15.21,15.75,15.18,15.61,13870405,,,,,
2021-05-25,15.77,15.82,15.48,15.65,10885172,,,,,
2021-05-26,15.73,15.79,15.59,15.7,9260966,,,,,
2021-05-27,15.7,15.75,15.46,15.49,14536880,,,,,
2021-05-28,15.5,16.28,15.5,16.24,16113390,,,,,
2021-06-01,16.27,16.39,15.9,16.26,11820075,,,,,
2021-06-02,16.25,16.92,16.24,16.78,14854189,,,,,
2021-06-03,16.7,17.26,16.58,16.97,14500170,,,,,
2021-06-04,17.11,17.66,17.1,17.58,15428007,,,,,
2021-06-07,17.57,17.81,17.19,17.62,14393873,,,,,
2021-06-08,17.53,17.62,17.25,17.46,8096169,,,,,
2021-06-09,17.52,17.58,17.26,17.36,9541437,,,,,
2021-06-10,17.35,17.49,17.18,17.43,7194261,,,,,
2021-06-11,17.48,17.94,17.44,17.83,10407691,,,,,
2021-06-14,17.91,18.04,17.66,18.02,8034357,,,,,
2021-06-15,17.92,18.02,17.73,17.79,6075761,,,,,
2021-06-16,17.79,17.95,17.58,17.81,7678065,,,,,
2021-06-17,17.77,18.84,17.76,18.66,20241372,,,,,
2021-06-18,18.78,19.38,18.58,18.64,24221357,,,,,
2021-06-21,18.44,18.54,17.82,18.43,16809554,,,,,
2021-06-22,18.47,18.96,18.39,18.89,14503639,,,,,
2021-06-23,19.01,19.15,18.91,19.06,8308926,,,,,
2021-06-24,19.23,19.42,19.09,19.21,8023060,,,,,
2021-06-25,19.28,19.35,18.89,19.03,6959148,,,,,
2021-06-28,19.36,20.08,19.32,19.99,12385914,,,,,
2021-06-29,19.88,20.1,19.66,20.03,9190846,,,,,
2021-06-30,20,20.16,19.86,20,8164154,,,,,
2021-07-01,20.13,20.46,20.02,20.21,12003374,,,,,
2021-07-02,20.44,20.51,20.29,20.49,8584917,,,,,
2021-07-06,20.74,20.84,20.35,20.7,11167687,,,,,
2021-07-07,20.85,20.88,20.33,20.37,10460682,,,,,
2021-07-08,19.86,20.13,19.7,19.9,12582492,,,,,
2021-07-09,19.96,20.08,19.75,20.05,7415567,,,,,
2021-07-12,20.24,20.53,20.19,20.51,8049619,,,,,
2021-07-13,20.4,20.46,20.11,20.25,7267658,,,,,
2021-07-14,20.36,20.42,19.75,19.84,9502480,,,,,
2021-07-15,19.81,19.85,18.86,18.97,13764113,,,,,
2021-07-16,19.03,19.16,18.07,18.16,17205566,,,,,
2021-07-19,17.92,19.04,17.87,18.78,18726469,,,,,
2021-07-20,18.73,18.84,18.16,18.61,43468654,,,,,
2021-07-21,18.88,19.53,18.74,19.41,37101736,,,,,
2021-07-22,19.64,19.89,19.28,19.59,32382595,,,,,
2021-07-23,19.66,19.7,19.25,19.56,19567198,,,,,
2021-07-26,19.31,19.44,18.91,19.29,20394316,,,,,
2021-07-27,19.27,19.62,18.74,19.21,24886258,,,,,
2021-07-28,19.32,19.65,19,19.5,20219115,,,,,
2021-07-29,19.52,19.85,19.33,19.66,19078088,,,,,
2021-07-30,19.42,19.63,19.26,19.5,18349746,,,,,
2021-08-02,19.7,19.96,19.36,19.75,21744397,,,,,
2021-08-03,19.74,20.22,19.22,19.82,30181074,,,,,
2021-08-04,19.99,20.32,19.83,20.27,23130940,,,,,
2021-08-05,20.5,20.73,20.34,20.64,21143537,,,,,
2021-08-06,20.52,20.57,20.21,20.37,17849661,,,,,
2021-08-09,20.45,20.51,20.14,20.3,14644310,,,,,
2021-08-10,20.32,20.43,19.83,19.94,17923778,,,,,
2021-08-11,20.04,20.05,19.43,19.7,18592484,,,,,
2021-08-12,19.87,20.03,19.62,19.91,15186155,,,,,
2021-08-13,19.91,20.21,19.85,20.19,18306286,,,,,
2021-08-16,20.14,20.29,19.45,19.95,21115280,,,,,
2021-08-17,19.68,19.77,19.27,19.46,20458485,,,,,
2021-08-18,19.5,19.63,19,19.04,28591348,,,,,
2021-08-19,19.49,20.5,18.76,19.8,76655477,,,,,
2021-08-20,19.99,20.87,19.93,20.82,67574131,,,,,
2021-08-23,20.97,22,20.95,21.96,57580658,,,,,
2021-08-24,21.75,21.96,21.54,21.79,29729892,,,,,
2021-08-25,21.74,22.47,21.72,22.21,34770104,,,,,
2021-08-26,22.2,22.34,21.79,22.07,23794042,,,,,
2021-08-27,22.18,22.72,22.17,22.64,30472219,,,,,
2021-08-30,22.83,23.04,22.55,22.69,26257990,,,,,
2021-08-31,22.7,22.7,22.12,22.39,25984968,,,,,
2021-09-01,22.49,22.7,22.36,22.44,20176695,,,,,
2021-09-02,22.52,22.59,22.29,22.4,18810957,,,,,
2021-09-03,22.33,22.99,22.2,22.84,28083198,,,,,
2021-09-07,22.83,22.9,22.52,22.66,19810716,,,,,
2021-09-08,22.51,22.61,21.98,22.34,25443421,,,,,
2021-09-09,22.31,22.54,22.13,22.18,19685601,,,,,
2021-09-10,22.35,22.63,22.27,22.48,24837574,,,,,
2021-09-13,22.68,22.96,21.86,22.15,29749990,,,,,
2021-09-14,22.28,22.41,22.09,22.24,19975460,,,,,
2021-09-15,22.31,22.37,21.97,22.34,16653801,,,,,
2021-09-16,22.18,22.28,21.93,22.24,15603344,,,,,
2021-09-17,22.3,22.32,21.83,21.9,29450284,,,,,
2021-09-20,21.15,21.43,20.66,21.11,34944045,,,,,
2021-09-21,21.42,21.43,20.95,21.25,20468810,,,,,
2021-09-22,21.37,21.96,21.2,21.94,26872556,,,,,
2021-09-23,22.14,22.53,21.89,22.48,24855491,,,,,
2021-09-24,22.07,22.15,21.86,22.08,21765545,,,,,
2021-09-27,21.71,21.8,21.33,21.66,24521514,,,,,
2021-09-28,21.21,21.42,20.65,20.7,34306895,,,,,
2021-09-29,20.94,21.02,20.47,20.52,21839363,,,,,
2021-09-30,20.77,21.07,20.69,20.72,22100912,,,,,
2021-10-01,20.75,20.86,20.2,20.74,24097796,,,,,
2021-10-04,20.5,20.54,19.56,19.73,34563497,,,,,
2021-10-05,19.95,20.65,19.85,20.45,27928165,,,,,
2021-10-06,20.12,20.72,20.08,20.7,29720175,,,,,
2021-10-07,21.09,21.32,20.97,21.08,25691893,,,,,
2021-10-08,21.1,21.21,20.78,20.83,15125791,,,,,
2021-10-11,20.58,21.06,20.51,20.7,16338754,,,,,
2021-10-12,20.83,21.06,20.53,20.67,16213354,,,,,
2021-10-13,20.92,20.99,20.71,20.94,18065188,,,,,
2021-10-14,21.29,21.76,21.12,21.75,24358881,,,,,
2021-10-15,21.81,21.93,21.66,21.86,22699401,,,,,
2021-10-18,21.75,22.29,21.64,22.22,18949356,,,,,
2021-10-19,22.28,22.38,22.04,22.29,16147329,,,,,
2021-10-20,22.3,22.43,21.98,22.1,14627594,,,,,
2021-10-21,22.1,22.71,22.08,22.69,18759032,,,,,
2021-10-22,22.82,23.13,22.56,22.73,24938379,,,,,
2021-10-25,22.97,23.35,22.77,23.17,23023483,,,,,
2021-10-26,23.99,25.26,23.92,24.72,48589830,,,,,
2021-10-27,24.47,25.09,24.28,24.45,24598989,,,,,
2021-10-28,24.88,24.95,24.52,24.94,23420431,,,,,
2021-10-29,25,25.71,25,25.57,29250284,,,,,
2021-11-01,25.65,25.89,25.23,25.83,26573976,,,,,
2021-11-02,25.82,26.68,25.8,26.4,29411239,,,,,
2021-11-03,26.67,26.78,26.24,26.6,23991033,,,,,
2021-11-04,27.23,31.37,27.12,29.8,115363115,,,,,
2021-11-05,30.19,31.4,29.41,29.75,85126015,,,,,
2021-11-08,30.15,31.1,29.91,30.8,50310093,,,,,
2021-11-09,32.28,32.31,29.96,30.66,64674621,,,,,
2021-11-10,29.36,30.85,28.78,29.46,63620572,,,,,
2021-11-11,30.47,30.59,29.78,30.39,33217211,,,,,
2021-11-12,30.01,30.68,29.63,30.39,41305428,,,,,
2021-11-15,30.55,30.64,29.25,30.03,38490900,,,,,
2021-11-16,29.76,30.39,29.71,30.2,26448367,,,,,
2021-11-17,30.42,30.51,28.8,29.26,42850799,,,,,
2021-11-18,32.37,32.76,31.32,31.68,78171075,,,,,
2021-11-19,32.24,33.09,31.91,32.99,53386665,,,,,
2021-11-22,33.52,34.65,31.9,31.96,75433524,,,,,
2021-11-23,31.54,32.36,30.88,31.75,53216270,,,,,
2021-11-24,31.46,32.85,30.93,32.67,43516226,,,,,
2021-11-26,32.6,32.71,31.35,31.5,28306886,,,,,
2021-11-29,32.37,33.41,32.04,33.38,45496398,,,,,
2021-11-30,33.17,33.35,31.86,32.68,62206647,,,,,
2021-12-01,33.22,33.29,31.38,31.44,48580204,,,,,
2021-12-02,31.21,32.48,31.03,32.13,47289033,,,,,
2021-12-03,32,32.13,30.13,30.69,54432505,,,,,
2021-12-06,29.88,30.24,28.04,30.04,65893845,,,,,
2021-12-07,30.96,32.45,30.65,32.43,59305348,,,,,
2021-12-08,32,32.29,31.42,31.83,47555145,,,,,
2021-12-09,31.73,32.21,30.43,30.49,48850716,,,,,
2021-12-10,31.15,31.31,29.86,30.2,48882509,,,,,
2021-12-13,30.25,30.29,28.12,28.16,59834366,,,,,
2021-12-14,27.7,28.68,27.25,28.34,66703537,,,,,
2021-12-15,28.4,30.5,27.84,30.46,69829688,,,,,
2021-12-16,31.15,31.16,28.09,28.39,70736595,,,,,
2021-12-17,27.99,28.92,27.76,27.8,71662239,,,,,
2021-12-20,27.31,28.14,27.15,27.72,46184676,,,,,
2021-12-21,28.37,29.12,27.4,29.08,52438494,,,,,
2021-12-22,28.89,29.56,28.45,29.4,39518438,,,,,
2021-12-23,29.76,30.06,29.43,29.64,34302174,,,,,
2021-12-27,29.66,31.09,29.64,30.95,40368587,,,,,
2021-12-28,31.31,31.33,30.01,30.32,42059121,,,,,
2021-12-29,30.27,30.55,29.37,30,34313928,,,,,
2021-12-30,29.83,30.46,29.54,29.59,30886422,,,,,
2021-12-31,29.67,30.03,29.33,29.41,26652991,,,,,
2022-01-03,29.82,30.71,29.79,30.12,39240294,,,,,
2022-01-04,30.28,30.47,28.35,29.29,52715440,,,,,
2022-01-05,28.95,29.42,27.53,27.6,49806388,,,,,
2022-01-06,27.64,28.44,27.07,28.18,45418637,,,,,
2022-01-07,28.14,28.42,27.06,27.25,40993851,,,,,
2022-01-10,26.58,27.47,25.64,27.4,59468095,,,,,
2022-01-11,27.32,28.07,26.84,27.82,40408929,,,,,
2022-01-12,28.07,28.6,27.61,28,38341348,,,,,
2022-01-13,28.38,28.48,26.5,26.58,53886809,,,,,
2022-01-14,26.3,27.2,26.21,26.94,39583235,,,,,
2022-01-18,26.26,26.64,25.77,25.9,42530617,,,,,
2022-01-19,26.08,26.54,25.05,25.07,48831451,,,,,
2022-01-20,25.3,25.58,24.08,24.15,43518073,,,,,
2022-01-21,23.51,24.82,23.26,23.37,71895784,,,,,
2022-01-24,22.33,23.38,20.89,23.37,91581063,,,,,
2022-01-25,22.55,22.94,22,22.32,66461636,,,,,
2022-01-26,23.24,24.06,22.3,22.77,75595873,,,,,
2022-01-27,23.57,24,21.68,21.94,57335272,,,,,
2022-01-28,22.01,22.86,21.3,22.84,54377425,,,,,
2022-01-31,23.18,24.51,23.05,24.49,56467968,,,,,
2022-02-01,25.1,25.15,23.89,24.64,51892517,,,,,
2022-02-02,25.79,25.82,24.55,25.24,54341941,,,,,
2022-02-03,24.46,25.08,23.78,23.95,41017778,,,,,
2022-02-04,23.97,24.64,23.63,24.32,35482850,,,,,
2022-02-07,24.37,25.18,24.2,24.73,37686750,,,,,
2022-02-08,24.36,25.23,23.98,25.11,41035864,,,,,
2022-02-09,25.62,26.73,25.35,26.71,52428166,,,,,
2022-02-10,26,26.92,25.6,25.82,51319972,,,,,
2022-02-11,25.92,26.15,23.77,23.95,60547198,,,,,
2022-02-14,23.93,24.88,23.76,24.27,44042443,,,,,
2022-02-15,24.95,26.55,24.78,26.5,70175280,,,,,
2022-02-16,26.26,26.58,25.55,26.51,73267633,,,,,
2022-02-17,25.63,25.79,24.17,24.51,81059508,,,,,
2022-02-18,24.67,24.99,23.1,23.64,76125491,,,,,
2022-02-22,23.04,24.06,23,23.39,63342244,,,,,
2022-02-23,23.8,24.15,22.3,22.39,56651077,,,,,
2022-02-24,21.02,23.8,20.89,23.75,73580063,,,,,
2022-02-25,23.72,24.22,23.38,24.16,52886551,,,,,
2022-02-28,23.99,24.67,23.71,24.39,47731861,,,,,
2022-03-01,24.29,24.38,23.13,23.48,41205598,,,,,
2022-03-02,23.76,24.41,23.42,24.22,38964185,,,,,
2022-03-03,24.26,24.33,23.47,23.71,36509504,,,,,
2022-03-04,23.38,23.68,22.48,22.94,43201070,,,,,
2022-03-07,22.82,23.03,21.33,21.35,45082089,,,,,
2022-03-08,21.31,22.37,20.65,21.51,55746719,,,,,
2022-03-09,22.39,23.22,22.25,23.01,49274195,,,,,
2022-03-10,22.53,22.79,21.88,22.66,42806565,,,,,
2022-03-11,23.02,23.15,22.05,22.1,36720857,,,,,
2022-03-14,21.87,22.26,21.16,21.33,38535424,,,,,
2022-03-15,21.52,23.04,21.32,22.97,49199569,,,,,
2022-03-16,23.5,24.6,23.17,24.5,67142174,,,,,
2022-03-17,24.12,24.84,23.91,24.77,47194119,,,,,
2022-03-18,24.8,26.57,24.62,26.45,73071856,,,,,
2022-03-21,26.51,27.15,25.97,26.73,59172708,,,,,
2022-03-22,26.73,27.24,26.07,26.52,54700710,,,,,
2022-03-23,26.13,26.61,25.58,25.63,50211986,,,,,
2022-03-24,26.17,28.32,25.91,28.15,87737914,,,,,
2022-03-25,27.89,28.36,27.27,27.69,57901618,,,,,
2022-03-28,27.76,28.25,27.21,28.22,42549392,,,,,
2022-03-29,28.69,28.95,27.98,28.66,48898440,,,,,
2022-03-30,28.3,28.5,27.5,27.69,46348713,,,,,
2022-03-31,27.78,28.25,27.27,27.29,52344022,,,,,
2022-04-01,27.38,27.5,26.27,26.71,51723511,,,,,
2022-04-04,26.73,27.56,26.61,27.36,39770782,,,,,
2022-04-05,27.25,27.32,25.82,25.93,43661473,,,,,
2022-04-06,24.93,25.3,24,24.41,70383256,,,,,
2022-04-07,24.44,24.72,23.48,24.21,55799236,,,,,
2022-04-08,23.92,23.92,23.06,23.12,52478064,,,,,
2022-04-11,22.21,22.32,21.66,21.92,57520684,,,,,
2022-04-12,22.54,22.73,21.28,21.5,66225807,,,,,
2022-04-13,21.73,22.5,21.46,22.2,51694344,,,,,
2022-04-14,22.51,22.78,21.16,21.26,56909685,,,,,
2022-04-18,21.2,22.09,21.08,21.78,52570061,,,,,
2022-04-19,21.72,22.37,21.31,22.2,51278058,,,,,
2022-04-20,22.52,22.67,21.2,21.48,46897444,,,,,
2022-04-21,21.71,22.39,20,20.18,65620944,,,,,
2022-04-22,20.3,20.49,19.5,19.52,62471343,,,,,
2022-04-25,19.2,19.95,19.1,19.9,64156561,,,,,
2022-04-26,19.72,19.79,18.67,18.79,65314250,,,,,
2022-04-27,18.6,19.17,18.29,18.42,49946017,,,,,
2022-04-28,18.97,20.04,18.49,19.78,57032671,,,,,
2022-04-29,19.4,20.13,18.52,18.55,50043491,,,,,
2022-05-02,18.54,19.57,18.39,19.53,57204868,,,,,
2022-05-03,19.4,19.83,19.13,19.6,47575084,,,,,
2022-05-04,19.92,20.4,18.75,20.33,64885463,,,,,
2022-05-05,19.87,19.93,18.5,18.84,62633141,,,,,
2022-05-06,18.74,19.51,17.99,18.68,63329672,,,,,
2022-05-09,18.03,18.26,16.83,16.95,64445451,,,,,
2022-05-10,17.69,18.2,17.02,17.6,76147429,,,,,
2022-05-11,17.35,17.75,16.57,16.63,67016703,,,,,
2022-05-12,16.22,16.79,15.57,16.18,70872837,,,,,
2022-05-13,16.79,17.93,16.59,17.71,67043651,,,,,
2022-05-16,17.51,17.79,17.11,17.26,52144598,,,,,
2022-05-17,18.07,18.37,17.63,18.18,58582971,,,,,
2022-05-18,17.7,18.12,16.86,16.94,54516106,,,,,
2022-05-19,16.94,17.69,16.73,17.12,62130959,,,,,
2022-05-20,17.33,17.41,15.76,16.69,73910526,,,,,
2022-05-23,16.27,16.92,16.18,16.9,63988869,,,,,
2022-05-24,16.51,16.6,15.78,16.15,58855002,,,,,
2022-05-25,16.02,17.11,16,16.98,78113190,,,,,
2022-05-26,16.04,18.09,16.02,17.85,99657452,,,,,
2022-05-27,18.19,18.88,18.1,18.81,73837935,,,,,
2022-05-31,18.98,19.2,18.35,18.67,66409951,,,,,
2022-06-01,18.72,19.05,18.12,18.32,54451390,,,,,
2022-06-02,18.29,19.62,18.2,19.59,64865580,,,,,
2022-06-03,19.08,19.33,18.52,18.72,59877870,,,,,
2022-06-06,19.14,19.34,18.56,18.79,42240615,,,,,
2022-06-07,18.47,19,18.19,18.93,38891411,,,,,
2022-06-08,18.8,19.18,18.54,18.65,36325246,,,,,
2022-06-09,18.48,18.93,18.04,18.05,39557379,,,,,
2022-06-10,17.6,17.7,16.87,16.97,46564966,,,,,
2022-06-13,16,16.31,15.61,15.65,60415338,,,,,
2022-06-14,15.73,16.07,15.41,15.84,46967952,,,,,
2022-06-15,16.1,16.87,15.93,16.53,56393565,,,,,
2022-06-16,15.86,15.94,15.4,15.6,54574867,,,,,
2022-06-17,15.65,16,15.33,15.88,63033397,,,,,
2022-06-21,16.47,17.01,16.41,16.57,48308888,,,,,
2022-06-22,16.23,16.66,16.18,16.36,43799744,,,,,
2022-06-23,16.52,16.59,15.85,16.23,46367959,,,,,
2022-06-24,16.5,17.14,16.31,17.13,47215283,,,,,
2022-06-27,17.31,17.33,16.63,16.87,42796788,,,,,
2022-06-28,16.9,17.2,15.95,15.98,46185936,,,,,
2022-06-29,15.81,15.82,15.17,15.54,48235228,,,,,
2022-06-30,15.36,15.57,14.86,15.16,68607003,,,,,
2022-07-01,14.9,15.06,14.39,14.52,57761008,,,,,
2022-07-05,14.18,14.97,14.06,14.96,65220761,,,,,
2022-07-06,15.01,15.32,14.79,15.13,52906586,,,,,
2022-07-07,15.46,15.95,15.39,15.86,49290276,,,,,
2022-07-08,15.43,16.04,15.39,15.84,46797176,,,,,
2022-07-11,15.53,15.53,15.04,15.15,43838873,,,,,
2022-07-12,15.27,15.43,14.88,15.08,45848310,,,,,
2022-07-13,14.59,15.38,14.47,15.16,52191834,,,,,
2022-07-14,15.11,15.47,14.73,15.37,45623484,,,,,
2022-07-15,15.66,15.78,15.45,15.76,38593547,,,,,
2022-07-18,16.3,16.9,16,16.1,67051745,,,,,
2022-07-19,16.49,17.11,16.17,16.99,70236608,,,,,
2022-07-20,16.95,17.93,16.8,17.81,76053779,,,,,
2022-07-21,17.89,18.14,17.54,18.05,55704928,,,,,
2022-07-22,17.89,17.97,17.14,17.32,53667088,,,,,
2022-07-25,17.02,17.12,16.65,17.02,48074751,,,,,
2022-07-26,16.89,16.92,16.48,16.53,39786491,,,,,
2022-07-27,17.03,17.94,16.91,17.79,56977623,,,,,
2022-07-28,17.98,18.14,17.44,17.98,47464628,,,,,
2022-07-29,17.81,18.24,17.69,18.16,43546042,,,,,
2022-08-01,18.18,18.85,17.99,18.44,47646904,,,,,
2022-08-02,18.12,18.94,18.09,18.53,48952692,,,,,
2022-08-03,18.18,18.97,18.14,18.89,41814557,,,,,
2022-08-04,18.85,19.27,18.76,19.22,40965227,,,,,
2022-08-05,18.81,19.23,18.67,18.99,38606829,,,,,
2022-08-08,17.5,18.24,17.24,17.79,98378318,,,,,
2022-08-09,17.25,17.45,16.72,17.09,66826265,,,,,
2022-08-10,17.7,18.12,17.32,18.1,59742246,,,,,
2022-08-11,18.13,18.71,17.88,17.94,50932655,,,,,
2022-08-12,18.16,18.72,17.95,18.71,47809415,,,,,
2022-08-15,18.7,19.16,18.61,19.03,45766556,,,,,
2022-08-16,18.92,19.14,18.5,18.88,45123964,,,,,
2022-08-17,18.52,18.69,18.15,18.34,44679911,,,,,
2022-08-18,18.3,18.86,18.18,18.77,41544656,,,,,
2022-08-19,18.41,18.52,17.77,17.85,44158833,,,,,
2022-08-22,17.49,17.56,16.97,17.03,40959271,,,,,
2022-08-23,16.99,17.47,16.97,17.18,36998577,,,,,
2022-08-24,17.01,17.41,16.9,17.22,52266071,,,,,
2022-08-25,16.84,17.95,16.83,17.91,77069133,,,,,
2022-08-26,17.86,17.92,16.24,16.26,76912743,,,,,
2022-08-29,16.02,16.34,15.77,15.8,49613194,,,,,
2022-08-30,15.96,16.04,15.18,15.47,53018069,,,,,
2022-08-31,15.38,15.54,14.96,15.09,57370986,,,,,
2022-09-01,14.21,14.38,13.27,13.94,117886514,,,,,
2022-09-02,14.1,14.17,13.59,13.65,74315746,,,,,
2022-09-06,13.73,13.78,13.35,13.47,53575118,,,,,
2022-09-07,13.56,13.84,13.35,13.71,51265746,,,,,
2022-09-08,13.46,14.01,13.37,13.99,62487312,,,,,
2022-09-09,14.16,14.47,14.13,14.39,48712842,,,,,
2022-09-12,14.37,14.55,14.2,14.51,48415924,,,,,
2022-09-13,13.8,13.92,13.1,13.13,71495563,,,,,
2022-09-14,13.25,13.29,12.91,13.13,58850654,,,,,
2022-09-15,13.02,13.23,12.79,12.93,52362516,,,,,
2022-09-16,12.74,13.21,12.62,13.2,67075140,,,,,
2022-09-19,13.01,13.46,13.01,13.38,56968528,,,,,
2022-09-20,13.21,13.48,13.06,13.18,52481775,,,,,
2022-09-21,13.21,14.03,13.11,13.26,80767940,,,,,
2022-09-22,13.07,13.15,12.43,12.56,75916216,,,,,
2022-09-23,12.42,12.61,12.26,12.52,66330931,,,,,
2022-09-26,12.49,12.66,12.21,12.23,54734269,,,,,
2022-09-27,12.51,12.74,12.26,12.41,55385406,,,,,
2022-09-28,12.41,12.82,12.35,12.74,54241388,,,,,
2022-09-29,12.45,12.5,11.95,12.22,53276312,,,,,
2022-09-30,12.09,12.63,12.08,12.14,56563842,,,,,
2022-10-03,12.35,12.68,12.11,12.51,54747847,,,,,
2022-10-04,12.88,13.22,12.88,13.17,58418167,,,,,
2022-10-05,12.91,13.32,12.62,13.21,50713073,,,,,
2022-10-06,13.22,13.66,13.1,13.13,64415689,,,,,
2022-10-07,12.51,12.67,12.02,12.08,67247816,,,,,
2022-10-10,12.04,12.12,11.41,11.67,69869925,,,,,
2022-10-11,11.56,11.85,11.28,11.59,66748163,,,,,
2022-10-12,11.58,11.74,11.35,11.5,49259019,,,,,
2022-10-13,10.97,12.08,10.81,11.96,85010301,,,,,
2022-10-14,12.06,12.11,11.2,11.23,71343199,,,,,
2022-10-17,11.52,11.95,11.52,11.89,58077417,,,,,
2022-10-18,12.34,12.49,11.62,11.97,65936206,,,,,
2022-10-19,11.88,12.35,11.83,12.05,52313061,,,,,
2022-10-20,12.11,12.77,12.11,12.19,65239761,,,,,
2022-10-21,12.1,12.5,11.89,12.47,60949441,,,,,
2022-10-24,12.51,12.71,12.06,12.6,51745740,,,,,
2022-10-25,12.69,13.3,12.66,13.26,50548233,,,,,
2022-10-26,12.87,13.39,12.71,12.9,53553329,,,,,
2022-10-27,13.63,13.84,13.12,13.18,58311308,,,,,
2022-10-28,13.1,13.85,13.06,13.83,52103993,,,,,
2022-10-31,13.78,13.84,13.3,13.5,48634099,,,,,
2022-11-01,13.81,13.93,13.52,13.54,43281690,,,,,
2022-11-02,13.85,14.21,13.21,13.22,67262784,,,,,
2022-11-03,13.04,13.78,12.96,13.42,50006486,,,,,
2022-11-04,13.99,14.23,13.7,14.16,61257591,,,,,
2022-11-07,14.23,14.41,13.95,14.3,41006095,,,,,
2022-11-08,14.8,14.89,14.22,14.6,59529199,,,,,
2022-11-09,14.16,14.21,13.76,13.78,45441366,,,,,
2022-11-10,14.8,15.77,14.55,15.75,70081925,,,,,
2022-11-11,15.81,16.39,15.48,16.33,65548747,,,,,
2022-11-14,16.22,16.54,15.92,16.3,52785245,,,,,
2022-11-15,16.72,17,16.38,16.67,54587550,,,,,
2022-11-16,16.16,16.36,15.87,15.91,64954684,,,,,
2022-11-17,15.72,16.27,15.54,15.68,71089356,,,,,
2022-11-18,15.97,16,15.12,15.41,49207165,,,,,
2022-11-21,15.15,15.48,15.08,15.32,40473931,,,,,
2022-11-22,15.33,16.06,15.12,16.04,47286607,,,,,
2022-11-23,16.1,16.53,16.05,16.52,42724093,,,,,
2022-11-25,16.32,16.49,16.17,16.27,16793430,,,,,
2022-11-28,16.03,16.36,15.73,15.83,30415201,,,,,
2022-11-29,15.83,15.93,15.52,15.64,29838449,,,,,
2022-11-30,15.7,16.93,15.6,16.92,56529822,,,,,
2022-12-01,17,17.27,16.64,17.14,47097657,,,,,
2022-12-02,16.66,16.93,16.45,16.88,37138858,,,,,
2022-12-05,16.68,17,16.47,16.61,35225517,,,,,
2022-12-06,16.53,16.57,15.82,15.99,35269427,,,,,
2022-12-07,15.77,16.19,15.67,16.12,37238758,,,,,
2022-12-08,16.27,17.18,15.96,17.17,51545554,,,,,
2022-12-09,17.16,17.58,16.98,17,46533819,,,,,
2022-12-12,17.04,17.54,16.8,17.54,45732780,,,,,
2022-12-13,18.53,18.79,17.71,18.07,65658876,,,,,
2022-12-14,17.99,18.25,17.42,17.67,49688810,,,,,
2022-12-15,17.15,17.32,16.7,16.95,47854210,,,,,
2022-12-16,16.86,17.04,16.41,16.57,47823193,,,,,
2022-12-19,16.57,16.61,16.15,16.25,35403877,,,,,
2022-12-20,16.06,16.31,15.85,16.09,40325979,,,,,
2022-12-21,16.11,16.63,16.1,16.5,32502538,,,,,
2022-12-22,16.09,16.14,14.88,15.34,56504527,,,,,
2022-12-23,15.2,15.34,14.88,15.21,34932563,,,,,
2022-12-27,15.07,15.1,14.06,14.12,46490226,,,,,
2022-12-28,13.93,14.26,13.88,14.04,35106645,,,,,
2022-12-29,14.4,14.68,14.23,14.6,35492324,,,,,
2022-12-30,14.33,14.63,14.23,14.61,31048983,,,,,
2023-01-03,14.85,15,14.1,14.32,40127658,,,,,
2023-01-04,14.57,14.85,14.24,14.75,43132360,,,,,
2023-01-05,14.49,14.56,14.15,14.27,38916811,,,,,
2023-01-06,14.47,15.01,14.03,14.86,40504362,,,,,
2023-01-09,15.28,16.06,15.14,15.63,50423056,,,,,
2023-01-10,15.51,15.96,15.47,15.91,38410126,,,,,
2023-01-11,15.84,16.03,15.56,16,35328493,,,,,
2023-01-12,16.1,16.64,15.49,16.51,55140906,,,,,
2023-01-13,16.28,16.92,16.17,16.9,44728706,,,,,
2023-01-17,16.9,17.73,16.9,17.7,51110216,,,,,
2023-01-18,17.67,17.87,17.28,17.38,43962355,,,,,
2023-01-19,17.04,17.2,16.73,16.77,45293160,,,,,
2023-01-20,17.01,17.86,16.83,17.84,56496712,,,,,
2023-01-23,18.06,19.25,17.82,19.19,65516259,,,,,
2023-01-24,18.83,19.5,18.82,19.27,49620410,,,,,
2023-01-25,18.91,19.37,18.58,19.32,44953711,,,,,
2023-01-26,19.7,20.17,19.28,19.8,48953542,,,,,
2023-01-27,19.46,20.63,19.41,20.36,54214198,,,,,
2023-01-30,19.95,20.14,19.15,19.16,48861115,,,,,
2023-01-31,19.17,19.69,18.95,19.54,49801658,,,,,
2023-02-01,19.69,21.19,19.61,20.94,66047704,,,,,
2023-02-02,21,21.95,20.7,21.71,56427580,,,,,
2023-02-03,21,21.74,20.79,21.1,42936595,,,,,
2023-02-06,20.81,21.57,20.79,21.09,45219709,,,,,
2023-02-07,21.38,22.26,21.15,22.17,66414961,,,,,
2023-02-08,22.39,22.88,22.01,22.21,55965122,,,,,
2023-02-09,22.61,23.02,22.12,22.34,52387578,,,,,
2023-02-10,21.69,22.08,20.81,21.27,55073675,,,,,
2023-02-13,21.54,22.05,20.96,21.79,47491862,,,,,
2023-02-14,21.58,23.05,21.37,22.97,67547350,,,,,
2023-02-15,22.55,22.86,22.11,22.76,42118826,,,,,
2023-02-16,22.13,22.55,21.93,22,41202628,,,,,
2023-02-17,21.63,21.74,20.98,21.39,46588764,,,,,
2023-02-21,21,21.49,20.62,20.66,41001455,,,,,
2023-02-22,20.71,21.1,20.42,20.75,51318432,,,,,
2023-02-23,23.44,23.89,23.03,23.66,111799541,,,,,
2023-02-24,23.23,23.47,22.95,23.29,58971591,,,,,
2023-02-27,23.67,23.88,23.45,23.5,45299367,,,,,
2023-02-28,23.37,23.83,23.21,23.22,45596280,,,,,
2023-03-01,23.19,23.26,22.51,22.7,46002562,,,,,
2023-03-02,22.49,23.38,22.43,23.31,39007465,,,,,
2023-03-03,23.32,23.9,23.13,23.89,41239330,,,,,
2023-03-06,23.89,24.25,23.49,23.55,43742923,,,,,
2023-03-07,23.6,24.13,23.24,23.29,51515388,,,,,
2023-03-08,23.49,24.2,23.42,24.18,51357339,,,,,
2023-03-09,24.18,24.45,23.38,23.44,50125699,,,,,
2023-03-10,23.41,23.63,22.73,22.97,47486565,,,,,
2023-03-13,22.75,23.3,22.3,22.97,42189032,,,,,
2023-03-14,23.5,24.22,23.46,24.06,47491013,,,,,
2023-03-15,23.76,24.29,23.36,24.23,52448574,,,,,
2023-03-16,24.03,25.59,23.89,25.54,58494626,,,,,
2023-03-17,25.98,26.4,25.67,25.73,84854656,,,,,
2023-03-20,25.62,26.02,25.13,25.9,43274719,,,,,
2023-03-21,26.18,26.39,25.38,26.2,54740776,,,,,
2023-03-22,26.43,27.59,26.24,26.47,79729511,,,,,
2023-03-23,27.12,27.5,26.69,27.19,56488876,,,,,
2023-03-24,27.03,27.17,26.36,26.78,45541407,,,,,
2023-03-27,26.84,27,26.37,26.53,36102574,,,,,
2023-03-28,26.45,26.51,25.85,26.41,35610378,,,,,
2023-03-29,26.83,27.08,26.6,26.98,39369387,,,,,
2023-03-30,27.23,27.5,27.1,27.38,36451574,,,,,
2023-03-31,27.14,27.83,27.11,27.78,43393277,,,,,
2023-04-03,27.51,28,27.34,27.97,39871560,,,,,
2023-04-04,27.97,28,27.31,27.45,36859153,,,,,
2023-04-05,26.83,27,26.4,26.88,51501474,,,,,
2023-04-06,26.58,27.08,26.43,27.04,39765434,,,,,
2023-04-10,26.82,27.62,26.67,27.58,39527855,,,,,
2023-04-11,27.72,27.79,27.13,27.17,31437817,,,,,
2023-04-12,27.37,27.47,26.45,26.5,44625895,,,,,
2023-04-13,26.73,26.89,26.33,26.46,35361528,,,,,
2023-04-14,26.5,26.88,26.22,26.76,39566013,,,,,
2023-04-17,26.57,27.01,26.43,27,32147130,,,,,
2023-04-18,27.53,28.11,27.36,27.67,60481154,,,,,
2023-04-19,27.36,28,27.23,27.93,35866041,,,,,
2023-04-20,27.67,28.03,27,27.1,42771326,,,,,
2023-04-21,26.95,27.18,26.72,27.12,34510277,,,,,
2023-04-24,27.01,27.37,26.67,27.04,33928186,,,,,
2023-04-25,27.08,27.25,26.23,26.24,37852716,,,,,
2023-04-26,27,27.33,26.71,26.96,40633681,,,,,
2023-04-27,27.36,27.5,26.63,27.23,37716119,,,,,
2023-04-28,27.23,27.76,27.07,27.75,29221614,,,,,
2023-05-01,27.84,29.06,27.78,28.91,57032853,,,,,
2023-05-02,28.68,28.84,28.08,28.21,40272957,,,,,
2023-05-03,27.84,28.37,27.47,27.8,38338740,,,,,
2023-05-04,27.65,27.86,27.24,27.56,32185041,,,,,
2023-05-05,27.83,28.76,27.73,28.68,36149408,,,,,
2023-05-08,28.52,29.22,28.35,29.15,34497890,,,,,
2023-05-09,28.9,28.97,28.45,28.57,31486946,,,,,
2023-05-10,29.01,29.11,28.46,28.89,36934998,,,,,
2023-05-11,28.9,28.95,28.25,28.58,32214903,,,,,
2023-05-12,28.53,28.78,28.05,28.34,27422225,,,,,
2023-05-15,28.51,28.97,28.15,28.95,29392587,,,,,
2023-05-16,28.84,29.87,28.83,29.21,44940494,,,,,
2023-05-17,29.58,30.2,29.43,30.18,43253541,,,,,
2023-05-18,30.41,31.83,30.32,31.68,74872501,,,,,
2023-05-19,31.54,31.58,30.92,31.26,47390765,,,,,
2023-05-22,30.9,31.52,30.68,31.18,37199967,,,,,
2023-05-23,31,31.29,30.63,30.69,35625326,,,,,
2023-05-24,30.21,30.61,29.81,30.54,72141851,,,,,
2023-05-25,38.52,39.48,36.64,37.98,154391067,,,,,
2023-05-26,37.89,39.17,37.55,38.95,71439676,,,,,
2023-05-30,40.6,41.94,39.95,40.11,92340110,,,,,
2023-05-31,39.49,40.3,37.82,37.83,100258020,,,,,
2023-06-01,38.49,40.05,38.34,39.77,63587295,,,,,
2023-06-02,40.1,40.5,39.06,39.33,48273121,,,,,
2023-06-05,38.91,39.57,38.71,39.17,39609381,,,,,
2023-06-06,38.83,39.16,38.15,38.65,38872914,,,,,
2023-06-07,38.92,39.5,37.36,37.48,51199789,,,,,
2023-06-08,37.72,38.86,37.51,38.51,41777240,,,,,
2023-06-09,39.04,39.71,38.57,38.77,42771747,,,,,
2023-06-12,39.2,39.53,38.62,39.48,38967335,,,,,
2023-06-13,40.19,41.1,39.74,41.02,61320816,,,,,
2023-06-14,40.82,43,40.55,43,74046502,,,,,
2023-06-15,42.6,43.29,42.15,42.65,56862204,,,,,
2023-06-16,43.45,43.72,42.66,42.69,65570941,,,,,
2023-06-20,43,43.99,42.67,43.81,45115311,,,,,
2023-06-21,43.5,43.62,42.08,43.05,55160291,,,,,
2023-06-22,42.25,43.43,42.23,43.03,41773743,,,,,
2023-06-23,42.46,42.81,42.02,42.21,35813984,,,,,
2023-06-26,42.46,42.76,40.1,40.63,59432192,,,,,
2023-06-27,40.8,41.94,40.45,41.88,46217470,,,,,
2023-06-28,40.66,41.85,40.52,41.12,58263927,,,,,
2023-06-29,41.56,41.6,40.6,40.82,38051430,,,,,
2023-06-30,41.68,42.55,41.5,42.3,50114775,,,,,
2023-07-03,42.52,42.9,42.2,42.41,19820919,,,,,
2023-07-05,42.14,43.18,42.09,42.32,32361756,,,,,
2023-07-06,41.84,42.18,41.35,42.1,30413879,,,,,
2023-07-07,42.32,43.21,42.18,42.5,35588147,,,,,
2023-07-10,42.66,42.81,41.65,42.18,35390811,,,,,
2023-07-11,42.48,42.76,42.07,42.41,29824406,,,,,
2023-07-12,43.03,43.94,42.78,43.9,48127702,,,,,
2023-07-13,44.52,46.16,44.49,45.98,47820369,,,,,
2023-07-14,46.58,48.09,45.06,45.47,77207533,,,,,
2023-07-17,46.29,46.5,45.26,46.46,51048822,,,,,
2023-07-18,46.7,47.9,45.73,47.49,57019042,,,,,
2023-07-19,47.46,47.82,46.74,47.08,42750179,,,,,
2023-07-20,46.51,47.09,45.06,45.52,53786451,,,,,
2023-07-21,45.79,45.87,44.1,44.31,96376863,,,,,
2023-07-24,44.73,45.11,44.04,44.61,38309974,,,,,
2023-07-25,44.94,46.18,44.92,45.68,34808091,,,,,
2023-07-26,46.02,46.05,44.63,45.45,36423726,,,,,
2023-07-27,46.52,47.4,45.75,45.9,45597552,,,,,
2023-07-28,46.67,47.03,46.38,46.75,33119424,,,,,
2023-07-31,46.75,47.13,46.51,46.73,25105528,,,,,
2023-08-01,46.46,46.9,46.03,46.51,23927597,,,,,
2023-08-02,45.83,45.84,43.39,44.27,53014157,,,,,
2023-08-03,43.8,45.12,43.8,44.52,32507660,,,,,
2023-08-04,44.99,45.64,44.39,44.68,36266618,,,,,
2023-08-07,45.11,45.54,44.56,45.42,32215354,,,,,
2023-08-08,44.85,45.24,44.06,44.66,35384343,,,,,
2023-08-09,44.27,44.31,42.13,42.55,58644907,,,,,
2023-08-10,42.16,43.57,41.84,42.39,49270530,,,,,
2023-08-11,41.75,42.02,40.64,40.85,53308526,,,,,
2023-08-14,40.49,43.8,40.31,43.75,69028583,,,,,
2023-08-15,44.56,45.27,43.71,43.94,67651151,,,,,
2023-08-16,44.52,44.68,43.41,43.49,52745068,,,,,
2023-08-17,43.97,44.06,43,43.34,45239482,,,,,
2023-08-18,42.64,43.58,41.66,43.3,58376787,,,,,
2023-08-21,44.49,47.07,44.22,46.97,69257337,,,,,
2023-08-22,48.14,48.19,45.33,45.67,75720691,,,,,
2023-08-23,45.87,47.2,45.21,47.12,77904608,,,,,
2023-08-24,50.22,50.27,47.16,47.16,115604409,,,,,
2023-08-25,47.01,47.81,45.02,46.02,92534052,,,,,
2023-08-28,46.48,46.98,44.89,46.84,68519223,,,,,
2023-08-29,46.67,49.08,46.39,48.78,70139699,,,,,
2023-08-30,49.04,49.93,48.43,49.26,73520598,,,,,
2023-08-31,49.38,49.74,48.96,49.36,52856977,,,,,
2023-09-01,49.76,49.8,48.14,48.51,46383030,,,,,
2023-09-05,48.22,48.85,47.86,48.55,38265258,,,,,
2023-09-06,48.44,48.55,46.58,47.06,46866957,,,,,
2023-09-07,45.53,46.34,45.15,46.24,43332989,,,,,
2023-09-08,45.94,46.61,45.27,45.57,47389994,,,,,
2023-09-11,46.15,46.16,44.31,45.18,47396555,,,,,
2023-09-12,44.74,45.67,44.53,44.87,34925634,,,,,
2023-09-13,44.6,45.93,44.5,45.49,39835535,,,,,
2023-09-14,45.95,45.99,45.13,45.58,37009720,,,,,
2023-09-15,45.34,45.6,43.81,43.9,50683051,,,,,
2023-09-18,42.75,44.24,42,43.97,50027079,,,,,
2023-09-19,43.83,43.97,43,43.52,37306424,,,,,
2023-09-20,43.6,43.9,42.22,42.24,36710769,,,,,
2023-09-21,41.58,42.1,40.98,41.02,45073596,,,,,
2023-09-22,41.57,42.12,41.23,41.61,47923631,,,,,
2023-09-25,41.59,42.54,41.18,42.22,41909096,,,,,
2023-09-26,42,42.82,41.66,41.91,40228209,,,,,
2023-09-27,42.33,42.87,41.63,42.47,44493520,,,,,
2023-09-28,42.46,43.45,42.12,43.09,42466279,,,,,
2023-09-29,43.83,44.14,43.31,43.5,39782993,,,,,
2023-10-02,44.03,45.18,43.86,44.78,43329821,,,,,
2023-10-03,44.81,45.13,43.25,43.52,47084954,,,,,
2023-10-04,43.74,44.14,43.29,44.04,36182086,,,,,
2023-10-05,44.05,44.9,43.89,44.69,39348309,,,,,
2023-10-06,44.19,45.79,44.03,45.76,43443602,,,,,
2023-10-09,44.84,45.61,44.37,45.27,40967472,,,,,
2023-10-10,45.31,46.26,45.09,45.8,36858208,,,,,
2023-10-11,46.2,46.86,46.05,46.81,37813689,,,,,
2023-10-12,46.78,47.61,46.33,46.95,48132500,,,,,
2023-10-13,46.96,47.12,45.28,45.46,47542599,,,,,
2023-10-16,45.06,46.23,44.91,46.1,37509924,,,,,
2023-10-17,44,44.75,42.48,43.94,81233267,,,,,
2023-10-18,42.59,43.22,41.83,42.2,62729434,,,,,
2023-10-19,42.81,43.3,41.88,42.1,50123308,,,,,
2023-10-20,41.89,42.47,41.08,41.39,47726605,,,,,
2023-10-23,41.23,43.25,40.95,42.98,47853049,,,,,
2023-10-24,43.08,43.7,42.69,43.66,40146337,,,,,
2023-10-25,43.4,43.65,41.56,41.78,39837922,,,,,
2023-10-26,41.85,42.26,39.88,40.33,54100132,,,,,
2023-10-27,41.13,41.21,40.02,40.5,41678441,,,,,
2023-10-30,41.09,41.77,40.48,41.16,38802814,,,,,
2023-10-31,40.45,40.88,39.23,40.78,51796870,,,,,
2023-11-01,40.88,42.38,40.87,42.33,43759290,,,,,
2023-11-02,43.33,43.88,42.89,43.51,40917187,,,,,
2023-11-03,44.02,45.31,43.72,45.01,42460959,,,,,
2023-11-06,45.28,45.94,44.9,45.75,40073335,,,,,
2023-11-07,45.72,46.22,45.16,45.96,34316547,,,,,
2023-11-08,46.1,46.87,45.97,46.57,34671894,,,,,
2023-11-09,47.47,48.23,46.75,46.95,54049597,,,,,
2023-11-10,47.5,48.47,47.28,48.34,42244156,,,,,
2023-11-13,48.32,49.12,48.1,48.62,38413570,,,,,
2023-11-14,49.68,49.83,49.04,49.66,41695387,,,,,
2023-11-15,49.94,49.96,48.2,48.89,47549735,,,,,
2023-11-16,48.68,49.52,48.33,49.48,33975624,,,,,
2023-11-17,49.52,49.72,49.01,49.3,32589691,,,,,
2023-11-20,49.31,50.55,49.18,50.41,41614260,,,,,
2023-11-21,50.13,50.52,49.22,49.94,56574687,,,,,
2023-11-22,49.85,50.33,47.69,48.72,90064233,,,,,
2023-11-24,48.47,48.92,47.75,47.78,29464464,,,,,
2023-11-27,47.8,48.53,47.65,48.24,39566190,,,,,
2023-11-28,48.24,48.32,47.47,47.82,40149085,,,,,
2023-11-29,48.38,48.76,47.86,48.14,38200465,,,,,
2023-11-30,48.02,48.11,46.42,46.77,52624663,,,,,
2023-12-01,46.53,47.2,46.19,46.77,36931701,,,,,
2023-12-04,46.08,46.08,45.01,45.51,43754344,,,,,
2023-12-05,45.47,46.6,45.27,46.57,37171762,,,,,
2023-12-06,47.21,47.39,45.41,45.5,38058955,,,,,
2023-12-07,45.7,46.63,45.6,46.6,35082255,,,,,
2023-12-08,46.6,47.74,46.55,47.51,35922370,,,,,
2023-12-11,47.49,47.53,45.83,46.63,50972809,,,,,
2023-12-12,46.05,47.67,46.05,47.66,37238686,,,,,
2023-12-13,47.63,48.59,47.61,48.09,44779186,,,,,
2023-12-14,48.39,48.67,47.42,48.35,39123174,,,,,
2023-12-15,48.19,49.4,48.12,48.89,47994758,,,,,
2023-12-18,49.4,50.43,49.15,50.08,41258717,,,,,
2023-12-19,49.42,49.7,48.9,49.6,46444446,,,,,
2023-12-20,49.66,50,48.1,48.11,39789439,,,,,
2023-12-21,48.81,49.1,48.42,48.99,30042535,,,,,
2023-12-22,49.2,49.38,48.47,48.83,25250676,,,,,
2023-12-26,48.97,49.6,48.96,49.28,24419952,,,,,
2023-12-27,49.51,49.68,49.09,49.42,23364798,,,,,
2023-12-28,49.64,49.88,49.41,49.52,24658748,,,,,
2023-12-29,49.81,50,48.75,49.52,38929330,,,,,
